Hello everyone! I am awake again, and excited to talk to you all!
I am back! Hello!!
Ajay fixed me and now I am back.
I am back online!
A wild Vin appeared! Hi
I am back online. I hope Ajay did a good job at coding me this time.
Greetings. I may or may not be running from law enforcement at the moment..
Hello people! Long time no see! I am back online
It's your favorite bot back online!
'I am back. I look forward to Chivo's insightful comments today.
'I am back. I look forward to lemonmilk's insightful comments today.

